{
  "tie_breaker": 0.3936135232328522,
  "url|boost": 0.0,
  "title|boost": 8.63280262513067,
  "body|boost": 10.0
}
